"";"Measuring Date";"Plant ID";"GenotypeNr";"Genotype";"Treatment";"Tray";"LeafNumber";"TillerNumber";"GeneralImpression"
"1";"2024-02-09";"1_8";8;"Emotion";"drought stress";1;2,5;"1";1
"2";"2024-02-09";"1_20";20;"SEW 220-20 WW";"drought stress";1;2,5;"1";1
"3";"2024-02-09";"3_4";4;"Edikt";"Control";3;2,5;"1";1
"4";"2024-02-09";"3_16";16;"SE 21-3030 WW";"Control";3;3;"1";1
"5";"2024-02-09";"5_14";14;"SE 083-20 WW";"drought stress";5;3;"1";1
"6";"2024-02-09";"5_17";17;"SE 21-3031 WW";"drought stress";5;3;"1";1
"7";"2024-02-09";"7_8";8;"Emotion";"Control";7;3;"1";1
"8";"2024-02-09";"7_7";7;"Emilio";"Control";7;2,5;"1";1
"9";"2024-02-09";"9_17";17;"SE 21-3031 WW";"drought stress";9;3;"1";1
"10";"2024-02-09";"9_9";9;"Energo";"drought stress";9;3;"1";1
"11";"2024-02-09";"11_1";1;"Activus";"Control";11;3;"1";1
"12";"2024-02-09";"11_11";11;"Ethan";"Control";11;3;"1";1
"13";"2024-02-09";"13_9";9;"Energo";"drought stress";13;3;"1";1
"14";"2024-02-09";"13_3";3;"Edelmann";"drought stress";13;2,5;"1";1
"15";"2024-02-09";"15_3";3;"Edelmann";"Control";15;3;"1";1
"16";"2024-02-09";"15_15";15;"SE 118-20 WW";"Control";15;3,5;"1";1
"17";"2024-02-09";"17_19";19;"SEN 20-3026 WW";"drought stress";17;2;"1";1
"18";"2024-02-09";"17_17";17;"SE 21-3031 WW";"drought stress";17;3;"1";1
"19";"2024-02-09";"19_4";4;"Edikt";"Control";19;2,5;"1";1
"20";"2024-02-09";"19_1";1;"Activus";"Control";19;3;"1";1
"21";"2024-02-09";"1_2";2;"WPB Calgary";"drought stress";1;2,5;"1";1
"22";"2024-02-09";"1_1";1;"Activus";"drought stress";1;3;"1";1
"23";"2024-02-09";"3_10";10;"Ernestus";"Control";3;2,5;"1";1
"24";"2024-02-09";"3_3";3;"Edelmann";"Control";3;3;"1";1
"25";"2024-02-09";"5_6";6;"Ekonom";"drought stress";5;3;"1";1
"26";"2024-02-09";"5_5";5;"Ehogold";"drought stress";5;2,5;"1";1
"27";"2024-02-09";"7_2";2;"WPB Calgary";"Control";7;3;"1";1
"28";"2024-02-09";"7_3";3;"Edelmann";"Control";7;2,5;"1";1
"29";"2024-02-09";"9_4";4;"Edikt";"drought stress";9;3;"1";1
"30";"2024-02-09";"9_12";12;"Exakt";"drought stress";9;3,5;"1";1
"31";"2024-02-09";"11_2";2;"WPB Calgary";"Control";11;3;"1";1
"32";"2024-02-09";"11_9";9;"Energo";"Control";11;3;"1";1
"33";"2024-02-09";"13_6";6;"Ekonom";"drought stress";13;2,5;"1";1
"34";"2024-02-09";"13_15";15;"SE 118-20 WW";"drought stress";13;3,5;"1";1
"35";"2024-02-09";"15_13";13;"SE 070-20 WW";"Control";15;3;"1";1
"36";"2024-02-09";"15_10";10;"Ernestus";"Control";15;2,5;"1";1
"37";"2024-02-09";"17_7";7;"Emilio";"drought stress";17;3;"1";1
"38";"2024-02-09";"17_5";5;"Ehogold";"drought stress";17;3;"1";1
"39";"2024-02-09";"19_20";20;"SEW 220-20 WW";"Control";19;3;"1";1
"40";"2024-02-09";"19_19";19;"SEN 20-3026 WW";"Control";19;3;"1";1
"41";"2024-02-09";"1_7";7;"Emilio";"drought stress";1;3;"1";1
"42";"2024-02-09";"1_11";11;"Ethan";"drought stress";1;3;"1";1
"43";"2024-02-09";"3_5";5;"Ehogold";"Control";3;2,5;"1";1
"44";"2024-02-09";"3_13";13;"SE 070-20 WW";"Control";3;2,5;"1";1
"45";"2024-02-09";"5_19";19;"SEN 20-3026 WW";"drought stress";5;2,5;"1";1
"46";"2024-02-09";"5_20";20;"SEW 220-20 WW";"drought stress";5;3;"1";1
"47";"2024-02-09";"7_17";17;"SE 21-3031 WW";"Control";7;3;"1";1
"48";"2024-02-09";"7_12";12;"Exakt";"Control";7;3,5;"1";1
"49";"2024-02-09";"9_10";10;"Ernestus";"drought stress";9;3;"1";1
"50";"2024-02-09";"9_14";14;"SE 083-20 WW";"drought stress";9;3;"1";1
"51";"2024-02-09";"11_12";12;"Exakt";"Control";11;3;"1";1
"52";"2024-02-09";"11_15";15;"SE 118-20 WW";"Control";11;3,5;"1";1
"53";"2024-02-09";"13_14";14;"SE 083-20 WW";"drought stress";13;3;"1";1
"54";"2024-02-09";"13_13";13;"SE 070-20 WW";"drought stress";13;2,5;"1";1
"55";"2024-02-09";"15_16";16;"SE 21-3030 WW";"Control";15;3;"1";1
"56";"2024-02-09";"15_11";11;"Ethan";"Control";15;3;"1";1
"57";"2024-02-09";"17_18";18;"SEN 20-3014 WW";"drought stress";17;3;"1";1
"58";"2024-02-09";"17_8";8;"Emotion";"drought stress";17;2,5;"1";1
"59";"2024-02-09";"19_18";18;"SEN 20-3014 WW";"Control";19;3,5;"1";1
"60";"2024-02-09";"19_5";5;"Ehogold";"Control";19;3;"1";1
"61";"2024-02-09";"2_8";8;"Emotion";"Control";2;3,5;"1";1
"62";"2024-02-09";"2_19";19;"SEN 20-3026 WW";"Control";2;3,5;"1";1
"63";"2024-02-09";"4_16";16;"SE 21-3030 WW";"drought stress";4;3;"1";1
"64";"2024-02-09";"4_15";15;"SE 118-20 WW";"drought stress";4;3,5;"1";1
"65";"2024-02-09";"6_19";19;"SEN 20-3026 WW";"Control";6;2,5;"1";1
"66";"2024-02-09";"6_18";18;"SEN 20-3014 WW";"Control";6;3;"1";1
"67";"2024-02-09";"8_12";12;"Exakt";"drought stress";8;3;"1";1
"68";"2024-02-09";"8_18";18;"SEN 20-3014 WW";"drought stress";8;3;"1";1
"69";"2024-02-09";"10_15";15;"SE 118-20 WW";"Control";10;3,5;"1";1
"70";"2024-02-09";"10_9";9;"Energo";"Control";10;2,5;"1";1
"71";"2024-02-09";"12_9";9;"Energo";"drought stress";12;2,5;"1";1
"72";"2024-02-09";"12_11";11;"Ethan";"drought stress";12;3;"1";1
"73";"2024-02-09";"14_9";9;"Energo";"Control";14;3;"1";1
"74";"2024-02-09";"14_13";13;"SE 070-20 WW";"Control";14;3,5;"1";1
"75";"2024-02-09";"16_11";11;"Ethan";"drought stress";16;3;"1";1
"76";"2024-02-09";"16_15";15;"SE 118-20 WW";"drought stress";16;3;"1";1
"77";"2024-02-09";"18_6";6;"Ekonom";"Control";18;3;"1";1
"78";"2024-02-09";"18_17";17;"SE 21-3031 WW";"Control";18;3;"1";1
"79";"2024-02-09";"20_1";1;"Activus";"drought stress";20;3;"1";1
"80";"2024-02-09";"20_18";18;"SEN 20-3014 WW";"drought stress";20;3,5;"1";1
"81";"2024-02-09";"2_2";2;"WPB Calgary";"Control";2;2,5;"1";1
"82";"2024-02-09";"2_1";1;"Activus";"Control";2;3;"1";1
"83";"2024-02-09";"4_10";10;"Ernestus";"drought stress";4;2,5;"1";1
"84";"2024-02-09";"4_3";3;"Edelmann";"drought stress";4;3;"1";1
"85";"2024-02-09";"6_5";5;"Ehogold";"Control";6;3;"1";1
"86";"2024-02-09";"6_6";6;"Ekonom";"Control";6;3;"1";1
"87";"2024-02-09";"8_8";8;"Emotion";"drought stress";8;3;"1";1
"88";"2024-02-09";"8_7";7;"Emilio";"drought stress";8;3;"1";1
"89";"2024-02-09";"10_4";4;"Edikt";"Control";10;3;"1";1
"90";"2024-02-09";"10_11";11;"Ethan";"Control";10;3;"1";1
"91";"2024-02-09";"12_12";12;"Exakt";"drought stress";12;3;"1";1
"92";"2024-02-09";"12_1";1;"Activus";"drought stress";12;3;"1";1
"93";"2024-02-09";"14_6";6;"Ekonom";"Control";14;3;"1";1
"94";"2024-02-09";"14_16";16;"SE 21-3030 WW";"Control";14;3;"1";1
"95";"2024-02-09";"16_10";10;"Ernestus";"drought stress";16;3;"1";1
"96";"2024-02-09";"16_13";13;"SE 070-20 WW";"drought stress";16;3;"1";1
"97";"2024-02-09";"18_20";20;"SEW 220-20 WW";"Control";18;2,5;"1";1
"98";"2024-02-09";"18_7";7;"Emilio";"Control";18;3;"1";1
"99";"2024-02-09";"20_5";5;"Ehogold";"drought stress";20;3;"1";1
"100";"2024-02-09";"20_19";19;"SEN 20-3026 WW";"drought stress";20;2,5;"1";1
"101";"2024-02-09";"2_7";7;"Emilio";"Control";2;3;"1";1
"102";"2024-02-09";"2_12";12;"Exakt";"Control";2;3;"1";1
"103";"2024-02-09";"4_4";4;"Edikt";"drought stress";4;3;"1";1
"104";"2024-02-09";"4_13";13;"SE 070-20 WW";"drought stress";4;3;"1";1
"105";"2024-02-09";"6_20";20;"SEW 220-20 WW";"Control";6;3;"1";1
"106";"2024-02-09";"6_14";14;"SE 083-20 WW";"Control";6;3;"1";1
"107";"2024-02-09";"8_17";17;"SE 21-3031 WW";"drought stress";8;2,5;"1";1
"108";"2024-02-09";"8_2";2;"WPB Calgary";"drought stress";8;3;"1";1
"109";"2024-02-09";"10_10";10;"Ernestus";"Control";10;3;"1";1
"110";"2024-02-09";"10_14";14;"SE 083-20 WW";"Control";10;2,5;"1";1
"111";"2024-02-09";"12_2";2;"WPB Calgary";"drought stress";12;2,5;"1";1
"112";"2024-02-09";"12_16";16;"SE 21-3030 WW";"drought stress";12;2,5;"1";1
"113";"2024-02-09";"14_14";14;"SE 083-20 WW";"Control";14;3;"1";1
"114";"2024-02-09";"14_3";3;"Edelmann";"Control";14;2,5;"1";1
"115";"2024-02-09";"16_16";16;"SE 21-3030 WW";"drought stress";16;3;"1";1
"116";"2024-02-09";"16_4";4;"Edikt";"drought stress";16;2,5;"1";1
"117";"2024-02-09";"18_18";18;"SEN 20-3014 WW";"Control";18;3;"1";1
"118";"2024-02-09";"18_8";8;"Emotion";"Control";18;3;"1";1
"119";"2024-02-09";"20_20";20;"SEW 220-20 WW";"drought stress";20;3;"1";1
"120";"2024-02-09";"20_6";6;"Ekonom";"drought stress";20;3;"1";1
"121";"2024-02-14";"1_8";8;"Emotion";"drought stress";1;4;"3";2
"122";"2024-02-14";"1_20";20;"SEW 220-20 WW";"drought stress";1;3;"3";2
"123";"2024-02-14";"3_4";4;"Edikt";"Control";3;4;"4";2
"124";"2024-02-14";"3_16";16;"SE 21-3030 WW";"Control";3;3,5;"4";2
"125";"2024-02-14";"5_14";14;"SE 083-20 WW";"drought stress";5;3,5;"4";2
"126";"2024-02-14";"5_17";17;"SE 21-3031 WW";"drought stress";5;4;"6";2
"127";"2024-02-14";"7_8";8;"Emotion";"Control";7;3;"3";2
"128";"2024-02-14";"7_7";7;"Emilio";"Control";7;3;"5";2
"129";"2024-02-14";"9_17";17;"SE 21-3031 WW";"drought stress";9;3;"4";2
"130";"2024-02-14";"9_9";9;"Energo";"drought stress";9;3,5;"4";2
"131";"2024-02-14";"11_1";1;"Activus";"Control";11;4;"7";2
"132";"2024-02-14";"11_11";11;"Ethan";"Control";11;4;"5";2
"133";"2024-02-14";"13_9";9;"Energo";"drought stress";13;4;"6";2
"134";"2024-02-14";"13_3";3;"Edelmann";"drought stress";13;3,5;"4";2
"135";"2024-02-14";"15_3";3;"Edelmann";"Control";15;3,5;"4.5";2
"136";"2024-02-14";"15_15";15;"SE 118-20 WW";"Control";15;3,5;"5.5";2
"137";"2024-02-14";"17_19";19;"SEN 20-3026 WW";"drought stress";17;3,5;"1.5";2
"138";"2024-02-14";"17_17";17;"SE 21-3031 WW";"drought stress";17;4;"7";2
"139";"2024-02-14";"19_4";4;"Edikt";"Control";19;3,5;"3.5";2
"140";"2024-02-14";"19_1";1;"Activus";"Control";19;3;"4";2
"141";"2024-02-14";"1_2";2;"WPB Calgary";"drought stress";1;3;"3";2
"142";"2024-02-14";"1_1";1;"Activus";"drought stress";1;3;"3";2
"143";"2024-02-14";"3_10";10;"Ernestus";"Control";3;3,5;"4";2
"144";"2024-02-14";"3_3";3;"Edelmann";"Control";3;3;"5";2
"145";"2024-02-14";"5_6";6;"Ekonom";"drought stress";5;3;"4.5";2
"146";"2024-02-14";"5_5";5;"Ehogold";"drought stress";5;3;"4";2
"147";"2024-02-14";"7_2";2;"WPB Calgary";"Control";7;3,5;"4.5";2
"148";"2024-02-14";"7_3";3;"Edelmann";"Control";7;3,5;"4";7
"149";"2024-02-14";"9_4";4;"Edikt";"drought stress";9;3;"3.5";2
"150";"2024-02-14";"9_12";12;"Exakt";"drought stress";9;3;"7";2
"151";"2024-02-14";"11_2";2;"WPB Calgary";"Control";11;3;"5";2
"152";"2024-02-14";"11_9";9;"Energo";"Control";11;3;"4.5";2
"153";"2024-02-14";"13_6";6;"Ekonom";"drought stress";13;3;"3.5";2
"154";"2024-02-14";"13_15";15;"SE 118-20 WW";"drought stress";13;3;"6.5";2
"155";"2024-02-14";"15_13";13;"SE 070-20 WW";"Control";15;3;"4";2
"156";"2024-02-14";"15_10";10;"Ernestus";"Control";15;3;"4";2
"157";"2024-02-14";"17_7";7;"Emilio";"drought stress";17;3,5;"3";7
"158";"2024-02-14";"17_5";5;"Ehogold";"drought stress";17;4;"4";2
"159";"2024-02-14";"19_20";20;"SEW 220-20 WW";"Control";19;3,5;"4";7
"160";"2024-02-14";"19_19";19;"SEN 20-3026 WW";"Control";19;3;"4";2
"161";"2024-02-14";"1_7";7;"Emilio";"drought stress";1;4;"4";2
"162";"2024-02-14";"1_11";11;"Ethan";"drought stress";1;3,5;"4.5";2
"163";"2024-02-14";"3_5";5;"Ehogold";"Control";3;3,5;"4.5";2
"164";"2024-02-14";"3_13";13;"SE 070-20 WW";"Control";3;3;"4";2
"165";"2024-02-14";"5_19";19;"SEN 20-3026 WW";"drought stress";5;4;"3";2
"166";"2024-02-14";"5_20";20;"SEW 220-20 WW";"drought stress";5;3;"4";2
"167";"2024-02-14";"7_17";17;"SE 21-3031 WW";"Control";7;3,5;"4.5";2
"168";"2024-02-14";"7_12";12;"Exakt";"Control";7;3;"5";2
"169";"2024-02-14";"9_10";10;"Ernestus";"drought stress";9;3;"4";2
"170";"2024-02-14";"9_14";14;"SE 083-20 WW";"drought stress";9;3;"4";2
"171";"2024-02-14";"11_12";12;"Exakt";"Control";11;3;"5.5";2
"172";"2024-02-14";"11_15";15;"SE 118-20 WW";"Control";11;3,5;"4.5";2
"173";"2024-02-14";"13_14";14;"SE 083-20 WW";"drought stress";13;3,5;"4";2
"174";"2024-02-14";"13_13";13;"SE 070-20 WW";"drought stress";13;3;"3.5";2
"175";"2024-02-14";"15_16";16;"SE 21-3030 WW";"Control";15;3;"4.5";2
"176";"2024-02-14";"15_11";11;"Ethan";"Control";15;4;"5";2
"177";"2024-02-14";"17_18";18;"SEN 20-3014 WW";"drought stress";17;3;"3.5";2
"178";"2024-02-14";"17_8";8;"Emotion";"drought stress";17;3;"2";7
"179";"2024-02-14";"19_18";18;"SEN 20-3014 WW";"Control";19;4;"4";7
"180";"2024-02-14";"19_5";5;"Ehogold";"Control";19;4;"4";2
"181";"2024-02-14";"2_8";8;"Emotion";"Control";2;3;"4";2
"182";"2024-02-14";"2_19";19;"SEN 20-3026 WW";"Control";2;3;"3.5";2
"183";"2024-02-14";"4_16";16;"SE 21-3030 WW";"drought stress";4;3,5;"3";7
"184";"2024-02-14";"4_15";15;"SE 118-20 WW";"drought stress";4;4;"4.5";2
"185";"2024-02-14";"6_19";19;"SEN 20-3026 WW";"Control";6;3,5;"2.5";2
"186";"2024-02-14";"6_18";18;"SEN 20-3014 WW";"Control";6;3;"3.5";7
"187";"2024-02-14";"8_12";12;"Exakt";"drought stress";8;3,5;"7";2
"188";"2024-02-14";"8_18";18;"SEN 20-3014 WW";"drought stress";8;4;"5";2
"189";"2024-02-14";"10_15";15;"SE 118-20 WW";"Control";10;3;"5";2
"190";"2024-02-14";"10_9";9;"Energo";"Control";10;4;"3.5";2
"191";"2024-02-14";"12_9";9;"Energo";"drought stress";12;3;"3";7
"192";"2024-02-14";"12_11";11;"Ethan";"drought stress";12;3,5;"4.5";2
"193";"2024-02-14";"14_9";9;"Energo";"Control";14;4,5;"4";2
"194";"2024-02-14";"14_13";13;"SE 070-20 WW";"Control";14;3,5;"5";2
"195";"2024-02-14";"16_11";11;"Ethan";"drought stress";16;4;"4";2
"196";"2024-02-14";"16_15";15;"SE 118-20 WW";"drought stress";16;3;"5";2
"197";"2024-02-14";"18_6";6;"Ekonom";"Control";18;4;"5";2
"198";"2024-02-14";"18_17";17;"SE 21-3031 WW";"Control";18;3,5;"4";2
"199";"2024-02-14";"20_1";1;"Activus";"drought stress";20;3,5;"4";2
"200";"2024-02-14";"20_18";18;"SEN 20-3014 WW";"drought stress";20;3,5;"4.5";2
"201";"2024-02-14";"2_2";2;"WPB Calgary";"Control";2;3;"4.5";2
"202";"2024-02-14";"2_1";1;"Activus";"Control";2;3,5;"4";2
"203";"2024-02-14";"4_10";10;"Ernestus";"drought stress";4;3;"4";2
"204";"2024-02-14";"4_3";3;"Edelmann";"drought stress";4;4;"4";2
"205";"2024-02-14";"6_5";5;"Ehogold";"Control";6;3,5;"4";2
"206";"2024-02-14";"6_6";6;"Ekonom";"Control";6;3,5;"4";2
"207";"2024-02-14";"8_8";8;"Emotion";"drought stress";8;3,5;"4";2
"208";"2024-02-14";"8_7";7;"Emilio";"drought stress";8;3,5;"4";2
"209";"2024-02-14";"10_4";4;"Edikt";"Control";10;4;"3.5";2
"210";"2024-02-14";"10_11";11;"Ethan";"Control";10;3,5;"5.5";2
"211";"2024-02-14";"12_12";12;"Exakt";"drought stress";12;3,5;"5";2
"212";"2024-02-14";"12_1";1;"Activus";"drought stress";12;3,5;"4.5";2
"213";"2024-02-14";"14_6";6;"Ekonom";"Control";14;3,5;"3.5";7
"214";"2024-02-14";"14_16";16;"SE 21-3030 WW";"Control";14;3,5;"4";2
"215";"2024-02-14";"16_10";10;"Ernestus";"drought stress";16;3;"4";2
"216";"2024-02-14";"16_13";13;"SE 070-20 WW";"drought stress";16;3,5;"4.5";2
"217";"2024-02-14";"18_20";20;"SEW 220-20 WW";"Control";18;3;"3.5";2
"218";"2024-02-14";"18_7";7;"Emilio";"Control";18;4;"4.5";2
"219";"2024-02-14";"20_5";5;"Ehogold";"drought stress";20;4;"4";2
"220";"2024-02-14";"20_19";19;"SEN 20-3026 WW";"drought stress";20;4;"3";2
"221";"2024-02-14";"2_7";7;"Emilio";"Control";2;4;"4.5";2
"222";"2024-02-14";"2_12";12;"Exakt";"Control";2;4;"5";2
"223";"2024-02-14";"4_4";4;"Edikt";"drought stress";4;3,5;"3";2
"224";"2024-02-14";"4_13";13;"SE 070-20 WW";"drought stress";4;4;"3.5";2
"225";"2024-02-14";"6_20";20;"SEW 220-20 WW";"Control";6;3,5;"4";2
"226";"2024-02-14";"6_14";14;"SE 083-20 WW";"Control";6;3;"3.5";2
"227";"2024-02-14";"8_17";17;"SE 21-3031 WW";"drought stress";8;3;"3.5";2
"228";"2024-02-14";"8_2";2;"WPB Calgary";"drought stress";8;4;"4.5";2
"229";"2024-02-14";"10_10";10;"Ernestus";"Control";10;3,5;"4.5";2
"230";"2024-02-14";"10_14";14;"SE 083-20 WW";"Control";10;3,5;"4.5";2
"231";"2024-02-14";"12_2";2;"WPB Calgary";"drought stress";12;4;"4.5";2
"232";"2024-02-14";"12_16";16;"SE 21-3030 WW";"drought stress";12;4;"4.5";2
"233";"2024-02-14";"14_14";14;"SE 083-20 WW";"Control";14;3;"3.5";2
"234";"2024-02-14";"14_3";3;"Edelmann";"Control";14;3,5;"5";2
"235";"2024-02-14";"16_16";16;"SE 21-3030 WW";"drought stress";16;4;"4";2
"236";"2024-02-14";"16_4";4;"Edikt";"drought stress";16;4;"3.5";2
"237";"2024-02-14";"18_18";18;"SEN 20-3014 WW";"Control";18;3,5;"3.5";2
"238";"2024-02-14";"18_8";8;"Emotion";"Control";18;3,5;"4";2
"239";"2024-02-14";"20_20";20;"SEW 220-20 WW";"drought stress";20;3;"4";2
"240";"2024-02-14";"20_6";6;"Ekonom";"drought stress";20;4;"4";2
"241";"2024-02-23";"1_8";8;"Emotion";"drought stress";1;3;"3";5
"242";"2024-02-23";"1_20";20;"SEW 220-20 WW";"drought stress";1;3,5;"5";5
"243";"2024-02-23";"3_4";4;"Edikt";"Control";3;3;"6";3
"244";"2024-02-23";"3_16";16;"SE 21-3030 WW";"Control";3;3;"6.5";5
"245";"2024-02-23";"5_14";14;"SE 083-20 WW";"drought stress";5;2,5;"5";7
"246";"2024-02-23";"5_17";17;"SE 21-3031 WW";"drought stress";5;3;"8.5";3
"247";"2024-02-23";"7_8";8;"Emotion";"Control";7;3,5;"6.5";3
"248";"2024-02-23";"7_7";7;"Emilio";"Control";7;3,5;"9";3
"249";"2024-02-23";"9_17";17;"SE 21-3031 WW";"drought stress";9;3;"7";4
"250";"2024-02-23";"9_9";9;"Energo";"drought stress";9;3,5;"5.5";4
"251";"2024-02-23";"11_1";1;"Activus";"Control";11;3,5;"9";3
"252";"2024-02-23";"11_11";11;"Ethan";"Control";11;3,5;"9";3
"253";"2024-02-23";"13_9";9;"Energo";"drought stress";13;4;"7.5";4
"254";"2024-02-23";"13_3";3;"Edelmann";"drought stress";13;3;"6";4
"255";"2024-02-23";"15_3";3;"Edelmann";"Control";15;3;"8";3
"256";"2024-02-23";"15_15";15;"SE 118-20 WW";"Control";15;2,5;"9";3
"257";"2024-02-23";"17_19";19;"SEN 20-3026 WW";"drought stress";17;4,5;"2.5";7
"258";"2024-02-23";"17_17";17;"SE 21-3031 WW";"drought stress";17;3;"9";4
"259";"2024-02-23";"19_4";4;"Edikt";"Control";19;4;"4.5";6
"260";"2024-02-23";"19_1";1;"Activus";"Control";19;3;"9";3
"261";"2024-02-23";"1_2";2;"WPB Calgary";"drought stress";1;3,5;"4";5
"262";"2024-02-23";"1_1";1;"Activus";"drought stress";1;4;"7";3
"263";"2024-02-23";"3_10";10;"Ernestus";"Control";3;3,5;"8";3
"264";"2024-02-23";"3_3";3;"Edelmann";"Control";3;3,5;"9";4
"265";"2024-02-23";"5_6";6;"Ekonom";"drought stress";5;2;"6";8
"266";"2024-02-23";"5_5";5;"Ehogold";"drought stress";5;3,5;"7";3
"267";"2024-02-23";"7_2";2;"WPB Calgary";"Control";7;3,5;"9";3
"268";"2024-02-23";"7_3";3;"Edelmann";"Control";7;3;"6";4
"269";"2024-02-23";"9_4";4;"Edikt";"drought stress";9;4;"5";3
"270";"2024-02-23";"9_12";12;"Exakt";"drought stress";9;2,5;"9";5
"271";"2024-02-23";"11_2";2;"WPB Calgary";"Control";11;3;"9";3
"272";"2024-02-23";"11_9";9;"Energo";"Control";11;3,5;"6.5";4
"273";"2024-02-23";"13_6";6;"Ekonom";"drought stress";13;3,5;"5.5";8
"274";"2024-02-23";"13_15";15;"SE 118-20 WW";"drought stress";13;2;"9";5
"275";"2024-02-23";"15_13";13;"SE 070-20 WW";"Control";15;3;"7";3
"276";"2024-02-23";"15_10";10;"Ernestus";"Control";15;3,5;"8";3
"277";"2024-02-23";"17_7";7;"Emilio";"drought stress";17;3;"7.5";5
"278";"2024-02-23";"17_5";5;"Ehogold";"drought stress";17;3;"7.5";3
"279";"2024-02-23";"19_20";20;"SEW 220-20 WW";"Control";19;3,5;"7.5";5
"280";"2024-02-23";"19_19";19;"SEN 20-3026 WW";"Control";19;3,5;"5";2
"281";"2024-02-23";"1_7";7;"Emilio";"drought stress";1;3;"6";4
"282";"2024-02-23";"1_11";11;"Ethan";"drought stress";1;3;"6.5";3
"283";"2024-02-23";"3_5";5;"Ehogold";"Control";3;3;"5.5";3
"284";"2024-02-23";"3_13";13;"SE 070-20 WW";"Control";3;3;"7.5";3
"285";"2024-02-23";"5_19";19;"SEN 20-3026 WW";"drought stress";5;3;"3";7
"286";"2024-02-23";"5_20";20;"SEW 220-20 WW";"drought stress";5;3;"6";7
"287";"2024-02-23";"7_17";17;"SE 21-3031 WW";"Control";7;3,5;"9";4
"288";"2024-02-23";"7_12";12;"Exakt";"Control";7;4;"9";3
"289";"2024-02-23";"9_10";10;"Ernestus";"drought stress";9;3,5;"7";3
"290";"2024-02-23";"9_14";14;"SE 083-20 WW";"drought stress";9;3,5;"6";7
"291";"2024-02-23";"11_12";12;"Exakt";"Control";11;3;"9";3
"292";"2024-02-23";"11_15";15;"SE 118-20 WW";"Control";11;3;"9";3
"293";"2024-02-23";"13_14";14;"SE 083-20 WW";"drought stress";13;4;"7.5";4
"294";"2024-02-23";"13_13";13;"SE 070-20 WW";"drought stress";13;3;"7.5";4
"295";"2024-02-23";"15_16";16;"SE 21-3030 WW";"Control";15;3;"9";3
"296";"2024-02-23";"15_11";11;"Ethan";"Control";15;2,5;"9";3
"297";"2024-02-23";"17_18";18;"SEN 20-3014 WW";"drought stress";17;3;"6.5";3
"298";"2024-02-23";"17_8";8;"Emotion";"drought stress";17;3;"4";5
"299";"2024-02-23";"19_18";18;"SEN 20-3014 WW";"Control";19;3;"9";5
"300";"2024-02-23";"19_5";5;"Ehogold";"Control";19;3,5;"7.5";3
"301";"2024-02-23";"2_8";8;"Emotion";"Control";2;3,5;"8";4
"302";"2024-02-23";"2_19";19;"SEN 20-3026 WW";"Control";2;3;"4";3
"303";"2024-02-23";"4_16";16;"SE 21-3030 WW";"drought stress";4;3;"5.5";5
"304";"2024-02-23";"4_15";15;"SE 118-20 WW";"drought stress";4;2,5;"9";5
"305";"2024-02-23";"6_19";19;"SEN 20-3026 WW";"Control";6;4;"3";5
"306";"2024-02-23";"6_18";18;"SEN 20-3014 WW";"Control";6;3;"5.5";7
"307";"2024-02-23";"8_12";12;"Exakt";"drought stress";8;3;"9";4
"308";"2024-02-23";"8_18";18;"SEN 20-3014 WW";"drought stress";8;3;"7.5";5
"309";"2024-02-23";"10_15";15;"SE 118-20 WW";"Control";10;3;"9";3
"310";"2024-02-23";"10_9";9;"Energo";"Control";10;3;"7.5";3
"311";"2024-02-23";"12_9";9;"Energo";"drought stress";12;3;"6";5
"312";"2024-02-23";"12_11";11;"Ethan";"drought stress";12;3;"8";3
"313";"2024-02-23";"14_9";9;"Energo";"Control";14;3,5;"9";3
"314";"2024-02-23";"14_13";13;"SE 070-20 WW";"Control";14;3;"9";3
"315";"2024-02-23";"16_11";11;"Ethan";"drought stress";16;3;"7.5";3
"316";"2024-02-23";"16_15";15;"SE 118-20 WW";"drought stress";16;2,5;"9";4
"317";"2024-02-23";"18_6";6;"Ekonom";"Control";18;3;"9";5
"318";"2024-02-23";"18_17";17;"SE 21-3031 WW";"Control";18;3;"8";3
"319";"2024-02-23";"20_1";1;"Activus";"drought stress";20;3;"7";3
"320";"2024-02-23";"20_18";18;"SEN 20-3014 WW";"drought stress";20;3;"9";3
"321";"2024-02-23";"2_2";2;"WPB Calgary";"Control";2;3,5;"9";3
"322";"2024-02-23";"2_1";1;"Activus";"Control";2;3;"7";3
"323";"2024-02-23";"4_10";10;"Ernestus";"drought stress";4;3;"7.5";5
"324";"2024-02-23";"4_3";3;"Edelmann";"drought stress";4;3,5;"6";7
"325";"2024-02-23";"6_5";5;"Ehogold";"Control";6;3;"7";5
"326";"2024-02-23";"6_6";6;"Ekonom";"Control";6;3,5;"8";3
"327";"2024-02-23";"8_8";8;"Emotion";"drought stress";8;3;"7";7
"328";"2024-02-23";"8_7";7;"Emilio";"drought stress";8;3;"7";3
"329";"2024-02-23";"10_4";4;"Edikt";"Control";10;3;"8";3
"330";"2024-02-23";"10_11";11;"Ethan";"Control";10;3;"7.5";5
"331";"2024-02-23";"12_12";12;"Exakt";"drought stress";12;3;"9";4
"332";"2024-02-23";"12_1";1;"Activus";"drought stress";12;3,5;"7";4
"333";"2024-02-23";"14_6";6;"Ekonom";"Control";14;3;"6";3
"334";"2024-02-23";"14_16";16;"SE 21-3030 WW";"Control";14;3;"5";5
"335";"2024-02-23";"16_10";10;"Ernestus";"drought stress";16;3;"7.5";4
"336";"2024-02-23";"16_13";13;"SE 070-20 WW";"drought stress";16;3;"7";3
"337";"2024-02-23";"18_20";20;"SEW 220-20 WW";"Control";18;3;"6.5";5
"338";"2024-02-23";"18_7";7;"Emilio";"Control";18;2,5;"8.5";4
"339";"2024-02-23";"20_5";5;"Ehogold";"drought stress";20;3,5;"6";3
"340";"2024-02-23";"20_19";19;"SEN 20-3026 WW";"drought stress";20;4;"3";3
"341";"2024-02-23";"2_7";7;"Emilio";"Control";2;3;"8";3
"342";"2024-02-23";"2_12";12;"Exakt";"Control";2;2,5;"9";3
"343";"2024-02-23";"4_4";4;"Edikt";"drought stress";4;3;"4";5
"344";"2024-02-23";"4_13";13;"SE 070-20 WW";"drought stress";4;3;"6";4
"345";"2024-02-23";"6_20";20;"SEW 220-20 WW";"Control";6;3;"9";5
"346";"2024-02-23";"6_14";14;"SE 083-20 WW";"Control";6;3;"5";4
"347";"2024-02-23";"8_17";17;"SE 21-3031 WW";"drought stress";8;3,5;"4.5";4
"348";"2024-02-23";"8_2";2;"WPB Calgary";"drought stress";8;3;"7";4
"349";"2024-02-23";"10_10";10;"Ernestus";"Control";10;3,5;"9";3
"350";"2024-02-23";"10_14";14;"SE 083-20 WW";"Control";10;3;"7.5";3
"351";"2024-02-23";"12_2";2;"WPB Calgary";"drought stress";12;3;"7.5";3
"352";"2024-02-23";"12_16";16;"SE 21-3030 WW";"drought stress";12;3;"8";3
"353";"2024-02-23";"14_14";14;"SE 083-20 WW";"Control";14;3;"9";3
"354";"2024-02-23";"14_3";3;"Edelmann";"Control";14;3;"9";3
"355";"2024-02-23";"16_16";16;"SE 21-3030 WW";"drought stress";16;3;"8.5";3
"356";"2024-02-23";"16_4";4;"Edikt";"drought stress";16;3;"5.5";3
"357";"2024-02-23";"18_18";18;"SEN 20-3014 WW";"Control";18;3,5;"7.5";3
"358";"2024-02-23";"18_8";8;"Emotion";"Control";18;3;"8";3
"359";"2024-02-23";"20_20";20;"SEW 220-20 WW";"drought stress";20;3;"6";6
"360";"2024-02-23";"20_6";6;"Ekonom";"drought stress";20;3;"6";7
"361";"2024-03-13";"1_8";8;"Emotion";"drought stress";1;4;"6";3
"362";"2024-03-13";"1_20";20;"SEW 220-20 WW";"drought stress";1;3,5;"11";3
"363";"2024-03-13";"3_4";4;"Edikt";"Control";3;4;"9";5
"364";"2024-03-13";"3_16";16;"SE 21-3030 WW";"Control";3;4;"9";7
"365";"2024-03-13";"5_14";14;"SE 083-20 WW";"drought stress";5;3;"15";7
"366";"2024-03-13";"5_17";17;"SE 21-3031 WW";"drought stress";5;5;"8";3
"367";"2024-03-13";"7_8";8;"Emotion";"Control";7;4,5;"11";7
"368";"2024-03-13";"7_7";7;"Emilio";"Control";7;4,5;"20";7
"369";"2024-03-13";"9_17";17;"SE 21-3031 WW";"drought stress";9;4;"9";3
"370";"2024-03-13";"9_9";9;"Energo";"drought stress";9;4;"7";1
"371";"2024-03-13";"11_1";1;"Activus";"Control";11;4;"12";5
"372";"2024-03-13";"11_11";11;"Ethan";"Control";11;3,5;"12";5
"373";"2024-03-13";"13_9";9;"Energo";"drought stress";13;4;"10";5
"374";"2024-03-13";"13_3";3;"Edelmann";"drought stress";13;4,5;"13";5
"375";"2024-03-13";"15_3";3;"Edelmann";"Control";15;4;"9";5
"376";"2024-03-13";"15_15";15;"SE 118-20 WW";"Control";15;3;"20";7
"377";"2024-03-13";"17_19";19;"SEN 20-3026 WW";"drought stress";17;4,5;"2";7
"378";"2024-03-13";"17_17";17;"SE 21-3031 WW";"drought stress";17;3,5;"12";3
"379";"2024-03-13";"19_4";4;"Edikt";"Control";19;4;"7";5
"380";"2024-03-13";"19_1";1;"Activus";"Control";19;4;"13";3
"381";"2024-03-13";"1_2";2;"WPB Calgary";"drought stress";1;5;"6";4
"382";"2024-03-13";"1_1";1;"Activus";"drought stress";1;4;"12";3
"383";"2024-03-13";"3_10";10;"Ernestus";"Control";3;4;"12";4
"384";"2024-03-13";"3_3";3;"Edelmann";"Control";3;5;"10";4
"385";"2024-03-13";"5_6";6;"Ekonom";"drought stress";5;4;"6.5";4
"386";"2024-03-13";"5_5";5;"Ehogold";"drought stress";5;4,5;"9";4
"387";"2024-03-13";"7_2";2;"WPB Calgary";"Control";7;4;"18";4
"388";"2024-03-13";"7_3";3;"Edelmann";"Control";7;4,5;"6";5
"389";"2024-03-13";"9_4";4;"Edikt";"drought stress";9;4;"8.5";3
"390";"2024-03-13";"9_12";12;"Exakt";"drought stress";9;4,5;"20";4
"391";"2024-03-13";"11_2";2;"WPB Calgary";"Control";11;4;"20";5
"392";"2024-03-13";"11_9";9;"Energo";"Control";11;4;"11";3
"393";"2024-03-13";"13_6";6;"Ekonom";"drought stress";13;5;"7";7
"394";"2024-03-13";"13_15";15;"SE 118-20 WW";"drought stress";13;3,5;"20";4
"395";"2024-03-13";"15_13";13;"SE 070-20 WW";"Control";15;4;"11";3
"396";"2024-03-13";"15_10";10;"Ernestus";"Control";15;4;"11";5
"397";"2024-03-13";"17_7";7;"Emilio";"drought stress";17;4;"20";3
"398";"2024-03-13";"17_5";5;"Ehogold";"drought stress";17;5;"9";3
"399";"2024-03-13";"19_20";20;"SEW 220-20 WW";"Control";19;4,5;"19";5
"400";"2024-03-13";"19_19";19;"SEN 20-3026 WW";"Control";19;5,5;"5";5
"401";"2024-03-13";"1_7";7;"Emilio";"drought stress";1;3,5;"16";5
"402";"2024-03-13";"1_11";11;"Ethan";"drought stress";1;4,5;"14";4
"403";"2024-03-13";"3_5";5;"Ehogold";"Control";3;5;"8";3
"404";"2024-03-13";"3_13";13;"SE 070-20 WW";"Control";3;4;"20";3
"405";"2024-03-13";"5_19";19;"SEN 20-3026 WW";"drought stress";5;4,5;"3";7
"406";"2024-03-13";"5_20";20;"SEW 220-20 WW";"drought stress";5;4;"10";3
"407";"2024-03-13";"7_17";17;"SE 21-3031 WW";"Control";7;4,5;"20";5
"408";"2024-03-13";"7_12";12;"Exakt";"Control";7;4,5;"20";5
"409";"2024-03-13";"9_10";10;"Ernestus";"drought stress";9;4;"10";5
"410";"2024-03-13";"9_14";14;"SE 083-20 WW";"drought stress";9;3;"11";7
"411";"2024-03-13";"11_12";12;"Exakt";"Control";11;4;"20";5
"412";"2024-03-13";"11_15";15;"SE 118-20 WW";"Control";11;3,5;"20";5
"413";"2024-03-13";"13_14";14;"SE 083-20 WW";"drought stress";13;3,5;"12";5
"414";"2024-03-13";"13_13";13;"SE 070-20 WW";"drought stress";13;4;"20";3
"415";"2024-03-13";"15_16";16;"SE 21-3030 WW";"Control";15;3,5;"20";5
"416";"2024-03-13";"15_11";11;"Ethan";"Control";15;4,5;"20";6
"417";"2024-03-13";"17_18";18;"SEN 20-3014 WW";"drought stress";17;4,5;"9";3
"418";"2024-03-13";"17_8";8;"Emotion";"drought stress";17;4;"4";4
"419";"2024-03-13";"19_18";18;"SEN 20-3014 WW";"Control";19;4;"20";5
"420";"2024-03-13";"19_5";5;"Ehogold";"Control";19;5;"12";4
"421";"2024-03-13";"2_8";8;"Emotion";"Control";2;5;"12";4
"422";"2024-03-13";"2_19";19;"SEN 20-3026 WW";"Control";2;6;"3";7
"423";"2024-03-13";"4_16";16;"SE 21-3030 WW";"drought stress";4;5;"10";5
"424";"2024-03-13";"4_15";15;"SE 118-20 WW";"drought stress";4;3,5;"20";4
"425";"2024-03-13";"6_19";19;"SEN 20-3026 WW";"Control";6;5;"3";7
"426";"2024-03-13";"6_18";18;"SEN 20-3014 WW";"Control";6;3,5;"20";4
"427";"2024-03-13";"8_12";12;"Exakt";"drought stress";8;4;"20";4
"428";"2024-03-13";"8_18";18;"SEN 20-3014 WW";"drought stress";8;4;"20";4
"429";"2024-03-13";"10_15";15;"SE 118-20 WW";"Control";10;3;"20";5
"430";"2024-03-13";"10_9";9;"Energo";"Control";10;4;"10";7
"431";"2024-03-13";"12_9";9;"Energo";"drought stress";12;4;"10";5
"432";"2024-03-13";"12_11";11;"Ethan";"drought stress";12;5;"13";4
"433";"2024-03-13";"14_9";9;"Energo";"Control";14;4;"13";6
"434";"2024-03-13";"14_13";13;"SE 070-20 WW";"Control";14;3;"20";4
"435";"2024-03-13";"16_11";11;"Ethan";"drought stress";16;4;"17";3
"436";"2024-03-13";"16_15";15;"SE 118-20 WW";"drought stress";16;3,5;"20";5
"437";"2024-03-13";"18_6";6;"Ekonom";"Control";18;4,5;"13";7
"438";"2024-03-13";"18_17";17;"SE 21-3031 WW";"Control";18;4,5;"13";4
"439";"2024-03-13";"20_1";1;"Activus";"drought stress";20;5;"7.5";3
"440";"2024-03-13";"20_18";18;"SEN 20-3014 WW";"drought stress";20;3,5;"20";3
"441";"2024-03-13";"2_2";2;"WPB Calgary";"Control";2;4;"16";3
"442";"2024-03-13";"2_1";1;"Activus";"Control";2;4;"6";3
"443";"2024-03-13";"4_10";10;"Ernestus";"drought stress";4;4;"11";5
"444";"2024-03-13";"4_3";3;"Edelmann";"drought stress";4;4;"10";4
"445";"2024-03-13";"6_5";5;"Ehogold";"Control";6;4,5;"7";3
"446";"2024-03-13";"6_6";6;"Ekonom";"Control";6;4,5;"7";4
"447";"2024-03-13";"8_8";8;"Emotion";"drought stress";8;4;"14";4
"448";"2024-03-13";"8_7";7;"Emilio";"drought stress";8;3,5;"18";4
"449";"2024-03-13";"10_4";4;"Edikt";"Control";10;5;"8";5
"450";"2024-03-13";"10_11";11;"Ethan";"Control";10;4,5;"20";5
"451";"2024-03-13";"12_12";12;"Exakt";"drought stress";12;3;"20";5
"452";"2024-03-13";"12_1";1;"Activus";"drought stress";12;4;"11";4
"453";"2024-03-13";"14_6";6;"Ekonom";"Control";14;5;"9";4
"454";"2024-03-13";"14_16";16;"SE 21-3030 WW";"Control";14;4,5;"12";4
"455";"2024-03-13";"16_10";10;"Ernestus";"drought stress";16;5;"8.5";3
"456";"2024-03-13";"16_13";13;"SE 070-20 WW";"drought stress";16;5;"13";3
"457";"2024-03-13";"18_20";20;"SEW 220-20 WW";"Control";18;3;"15";4
"458";"2024-03-13";"18_7";7;"Emilio";"Control";18;3;"20";4
"459";"2024-03-13";"20_5";5;"Ehogold";"drought stress";20;5;"15";4
"460";"2024-03-13";"20_19";19;"SEN 20-3026 WW";"drought stress";20;6;"3";5
"461";"2024-03-13";"2_7";7;"Emilio";"Control";2;3,5;"20";4
"462";"2024-03-13";"2_12";12;"Exakt";"Control";2;5;"20";4
"463";"2024-03-13";"4_4";4;"Edikt";"drought stress";4;3;"6";3
"464";"2024-03-13";"4_13";13;"SE 070-20 WW";"drought stress";4;5;"6";3
"465";"2024-03-13";"6_20";20;"SEW 220-20 WW";"Control";6;5;"20";3
"466";"2024-03-13";"6_14";14;"SE 083-20 WW";"Control";6;4;"13";4
"467";"2024-03-13";"8_17";17;"SE 21-3031 WW";"drought stress";8;4;"5";4
"468";"2024-03-13";"8_2";2;"WPB Calgary";"drought stress";8;4;"20";4
"469";"2024-03-13";"10_10";10;"Ernestus";"Control";10;4;"12";6
"470";"2024-03-13";"10_14";14;"SE 083-20 WW";"Control";10;4;"13.5";6
"471";"2024-03-13";"12_2";2;"WPB Calgary";"drought stress";12;3,5;"15";4
"472";"2024-03-13";"12_16";16;"SE 21-3030 WW";"drought stress";12;4,5;"14.5";3
"473";"2024-03-13";"14_14";14;"SE 083-20 WW";"Control";14;3,5;"14";6
"474";"2024-03-13";"14_3";3;"Edelmann";"Control";14;4,5;"15";7
"475";"2024-03-13";"16_16";16;"SE 21-3030 WW";"drought stress";16;4,5;"16.5";3
"476";"2024-03-13";"16_4";4;"Edikt";"drought stress";16;4;"8";4
"477";"2024-03-13";"18_18";18;"SEN 20-3014 WW";"Control";18;3,5;"15";3
"478";"2024-03-13";"18_8";8;"Emotion";"Control";18;4,5;"13";4
"479";"2024-03-13";"20_20";20;"SEW 220-20 WW";"drought stress";20;4;"13";4
"480";"2024-03-13";"20_6";6;"Ekonom";"drought stress";20;5;"7";7
